[{"prof": {"id": 2, "name": "Kabakirov Kubat Rymbekovich"}}, {"prof": {"id": 3, "name": "Checheibaev Amanbek Bayyshevich"}}, {"prof": {"id": 1, "name": "Osmonova Rimma Chynarbekovna"}}, {"prof": {"id": 5, "name": "Kibekbaev Azamat Zhumanazarovich"}}, {"prof": {"id": 6, "name": "Niyazalieva Asel Temirbekovna"}}, {"course": {"id": 1, "name": "VCHK"}}, {"course": {"id": 2, "name": "Math"}}, {"course": {"id": 3, "name": "Algorithms"}}, {"course": {"id": 5, "name": "Programming Languages 1"}}, {"course": {"id": 6, "name": "Deutch Language"}}, {"room": {"name": "501", "size": 40}}, {"room": {"name": "504", "size": 40}}, {"room": {"name": "503", "size": 40}}, {"room": {"name": "510", "size": 40}}, {"room": {"name": "511", "size": 40}}, {"room": {"name": "509", "size": 40}}, {"group": {"id": 1, "name": "AIN-1-21", "size": 31}}, {"group": {"id": 2, "name": "AIN-2-21", "size": 31}}, {"group": {"id": 5, "name": "AIN-3-21", "size": 40}}, {"group": {"id": 6, "name": "WIN-1-21", "size": 40}}, {"group": {"id": 7, "name": "MIN-1-21", "size": 40}}, {"class": {"professor": 2, "course": 2, "duration": 1, "groups": 1}}, {"class": {"professor": 2, "course": 2, "duration": 1, "groups": 1}}, {"class": {"professor": 3, "course": 3, "duration": 1, "groups": 1}}, {"class": {"professor": 3, "course": 3, "duration": 1, "groups": 1}}, {"class": {"professor": 1, "course": 1, "duration": 1, "groups": 1}}, {"class": {"professor": 1, "course": 1, "duration": 1, "groups": 1}}, {"class": {"professor": 5, "course": 5, "duration": 1, "groups": 1}}, {"class": {"professor": 5, "course": 5, "duration": 1, "groups": 1}}, {"class": {"professor": 6, "course": 6, "duration": 1, "groups": 1}}, {"class": {"professor": 6, "course": 6, "duration": 1, "groups": 1}}, {"class": {"professor": 6, "course": 6, "duration": 1, "groups": 1}}, {"class": {"professor": 1, "course": 1, "duration": 1, "groups": 2}}, {"class": {"professor": 1, "course": 1, "duration": 1, "groups": 2}}, {"class": {"professor": 2, "course": 2, "duration": 1, "groups": 2}}, {"class": {"professor": 2, "course": 2, "duration": 1, "groups": 2}}, {"class": {"professor": 3, "course": 3, "duration": 1, "groups": 2}}, {"class": {"professor": 3, "course": 3, "duration": 1, "groups": 2}}, {"class": {"professor": 5, "course": 5, "duration": 1, "groups": 2}}, {"class": {"professor": 5, "course": 5, "duration": 1, "groups": 2}}, {"class": {"professor": 6, "course": 6, "duration": 1, "groups": 2}}, {"class": {"professor": 6, "course": 6, "duration": 1, "groups": 2}}, {"class": {"professor": 6, "course": 6, "duration": 1, "groups": 2}}, {"class": {"professor": 1, "course": 1, "duration": 1, "groups": 5}}, {"class": {"professor": 1, "course": 1, "duration": 1, "groups": 5}}, {"class": {"professor": 2, "course": 2, "duration": 1, "groups": 5}}, {"class": {"professor": 2, "course": 2, "duration": 1, "groups": 5}}, {"class": {"professor": 3, "course": 3, "duration": 1, "groups": 5}}, {"class": {"professor": 3, "course": 3, "duration": 1, "groups": 5}}, {"class": {"professor": 5, "course": 5, "duration": 1, "groups": 5}}, {"class": {"professor": 5, "course": 5, "duration": 1, "groups": 5}}, {"class": {"professor": 6, "course": 6, "duration": 1, "groups": 5}}, {"class": {"professor": 6, "course": 6, "duration": 1, "groups": 5}}, {"class": {"professor": 6, "course": 6, "duration": 1, "groups": 5}}, {"class": {"professor": 1, "course": 1, "duration": 1, "groups": 6}}, {"class": {"professor": 1, "course": 1, "duration": 1, "groups": 6}}, {"class": {"professor": 2, "course": 2, "duration": 1, "groups": 6}}, {"class": {"professor": 2, "course": 2, "duration": 1, "groups": 6}}, {"class": {"professor": 3, "course": 3, "duration": 1, "groups": 6}}, {"class": {"professor": 3, "course": 3, "duration": 1, "groups": 6}}, {"class": {"professor": 5, "course": 5, "duration": 1, "groups": 6}}, {"class": {"professor": 5, "course": 5, "duration": 1, "groups": 6}}]